1,阿部　祐磨,永田　達也
2,粟田　直樹,稲垣　麻子
3,安嶋　純,岡﨑　隆一
4,安澤　薫,横山　尚也
5,河嶋　邦充,高橋　雅人
6,岸部　絵里香,吉澤　竹晴
7,原島　和樹,村木　貴利人
8,古館　裕史,山岡　和樹
9,五十嵐　悠己,大日野　奈々子
10,高橋　一福,藤代　享
11,佐々木　誠,柏木　祥子
12,三田　智朗,野口　恵子
13,三野輪　一哉,山田　恵理
14,山根　亮,瀧澤　秀之
15,山田　良一,柴田　結衣
16,小松　洋一郎,納谷　朗裕
17,新解　紗也香,渡部　陽介
18,菅野　千明,大橋　純也
19,清水　絵美,野口　賢志
20,清野　真弓,看　超
21,大平　陽一,渡辺　仁
22,藤村　弘樹,矢澤　孝明
23,横田　将行,剱田　恵理奈,石渡　愛乃
24,阿部　祐磨,矢内　駿也
25,粟田　直樹,高岡　良樹
26,安嶋　純,看　超
27,安澤　薫,剱田　恵理奈
28,稲垣　麻子,石渡　愛乃
29,横山　尚也,藤代　享
30,岡﨑　隆一,村木　貴利人
31,河嶋　邦充,柏木　祥子
32,岸部　絵里香,瀧澤　秀之
33,原島　和樹,柴田　結衣
34,古館　裕史,野口　恵子
35,五十嵐　悠己,矢澤　孝明
36,高橋　一福,山田　恵理
37,高橋　雅人,納谷　朗裕
38,佐々木　誠,野口　賢志
39,三野輪　一哉,渡部　陽介
40,山岡　和樹,藤村　弘樹
41,山根　亮,渡辺　仁
42,山田　良一,大平　陽一
43,小松　洋一郎,大日野　奈々子
44,新解　紗也香,大橋　純也
45,菅野　千明,清野　真弓
46,永田　達也,加藤　桜子
47,真島　知紗,佐々木　幸恵
48,阿部　祐磨 ,佐々木幸惠
49,粟田　直樹,矢内駿也
50,安澤　薫,加藤桜子
51,稲垣　麻子,真島知紗
52,永田　達也,高岡良樹
53,横山　尚也,看　超
54,岡﨑　隆一 ,剱田　恵理奈
55,河嶋　邦充,石渡　愛乃
56,岸部　絵里香,村木　貴利人
57,古館　裕史,瀧澤　秀之
58,五十嵐　悠己,柏木　祥子
59,高橋　一福,野口　恵子
60,高橋　雅人,柴田　結衣
61,佐々木　誠,山田　恵理
62,三野輪　一哉,納谷　朗裕
63,山岡　和樹,渡辺　仁
64,山根　亮,野口　賢志
65,山田　良一,藤村　弘樹
66,小松　洋一郎,渡部　陽介
67,新解　紗也香,清野　真弓
68,大橋　純也,大平　陽一
69,菅野　千明,高本　美恵子
70,藤代　享,境　慧
71,安嶋　純, 大日野　奈々子,原島　和樹
72,大橋　純也,佐々木幸恵
73,粟田　直樹,矢内駿也
74,安澤　薫,加藤桜子
75,稲垣　麻子,真島知紗
76,永田　達也,高岡良樹
77,横山　尚也,看超
78,岡﨑　隆一,剱田　恵理奈
79,河嶋　邦充,石渡　愛乃
80,岸部　絵里香,村木　貴利人
81,古館　裕史,瀧澤　秀之
82,五十嵐　悠己,柏木　祥子
83,高橋　一福,野口　恵子
84,高橋　雅人,柴田　結衣
85,佐々木　誠,山田　恵理
86,三野輪　一哉,納谷　朗裕
87,山岡　和樹,渡辺　仁
88,山根　亮,野口　賢志
89,山田　良一,藤村　弘樹
90,小松　洋一郎,渡部　陽介
91,新解　紗也香,清野　真弓
92,阿部　祐磨,大平　陽一
93,菅野　千明,高本　美恵子
94,藤代　享,境　慧
95,安嶋　純,大日野　奈々子,原島　和樹
96,安澤　薫,吉澤　竹晴
97,稲垣　麻子,小松　洋一郎
98,渡部　陽介,高橋　一福
99,大平　陽一,納谷　朗裕
100,新解　紗也香,大日野　奈々子
101,山岡　和樹,清水　絵美
102,河嶋　邦充,菅野　千明
103,三野輪　一哉,藤村　弘樹
104,永田　達也,五十嵐　悠己
105,佐々木　誠,清野　真弓
106,野口　賢志,看　超
107,安嶋　純,古館　裕史
108,粟田　直樹,山根　亮
109,山田　良一,渡辺　仁
110,横山　尚也,横田　将行
111,阿部　祐磨,高橋　雅人
112,三田　智朗,大橋　純也
113,岡﨑　隆一,岸部　絵里香
114,原島　和樹,矢澤　孝明
115,柏木　祥子,藤代　享
116,瀧澤　秀之,村木　貴利人
117,安澤　薫,吉澤　竹晴
118,稲垣　麻子,小松　洋一郎
119,渡部　陽介,高橋　一福
120,大平　陽一,納谷　朗裕
121,新解　紗也香,大日野　奈々子
122,山岡　和樹,清水　絵美
123,河嶋　邦充,菅野　千明
124,三野輪　一哉,藤村　弘樹
125,永田　達也,五十嵐　悠己
126,佐々木　誠,清野　真弓
127,野口　賢志,看　超
128,安嶋　純,古館　裕史
129,粟田　直樹,山根　亮
130,山田　良一,渡辺　仁
131,横山　尚也,横田　将行
132,阿部　祐磨,高橋　雅人
133,三田　智朗,大橋　純也
134,岡﨑　隆一,岸部　絵里香
135,原島　和樹,矢澤　孝明
136,柏木　祥子,藤代　享
137,瀧澤　秀之,村木　貴利人
138,原島　和樹,萩野　恭美
139,納谷　朗裕,菅野　千明
140,古館　裕史,岡崎　隆一
141,大橋　純也,大平　陽一
142,清水　絵美,金　参女
143,横田　将行,河嶋　邦充
144,山根　亮,依田　美穂
145,岸部　絵里香,野口　賢志
146,三嶽　宏幸,五十嵐　悠己
147,稲垣　麻子,阿部　祐磨
148,清野　真弓,高橋　雅人
149,高橋　一福,山岡　和樹
150,安澤　薫,井田　貴大
151,田中　絵里子,山田　良一
152,永田　達也,渡部　陽介
153,粟田　直樹,大日野　奈々子
154,矢澤　孝明,横山　尚也,新解
155,吉澤　竹晴,佐々木　誠
156,清水　絵美,渡部　陽介
157,安澤　薫,新解　紗也香
158,三嶽　宏幸,大日野　奈々子
159,岸部　絵里香,山岡　和樹
160,永田　達也,大平　陽一
161,粟田　直樹,藤村　弘樹
162,大橋　純也,五十嵐　悠己
163,山根　亮,山田　良一
164,納谷　朗裕,野口　賢志
165,古館　裕史,阿部　祐磨
166,横田　将行,岡崎　隆一
167,田中　絵里子,小松　洋一郎
168,吉澤　竹晴,横山　尚也
169,清野　真弓,萩野　恭美
170,佐々木　誠,河嶋　邦充
171,矢澤　孝明,菅野　千明
172,高橋　一福,高橋　雅人
173,原島　和樹,金　参女
174,稲垣　麻子,井田　貴大
175,田中　絵里子,大橋　純也
176,横山　尚也,三野輪　一哉
177,永田　達也,岡﨑　隆一
178,高橋　一福,萩野　恭美
179,大平　陽一,新解　紗也香
180,原島　和樹,横田　将行
181,野口　賢志,阿部　祐磨
182,藤村　弘樹,菅野　千明
183,五十嵐　悠己,山岡　和樹
184,古館　裕史,岸部　絵里香
185,渡部　陽介,吉澤　竹晴
186,清水　絵美,清野　真弓
187,稲垣　麻子,佐々木　誠
188,安澤　薫,金　参女
189,粟田　直樹,小松　洋一郎
190,河嶋　邦充,安嶋　純
191,納谷　朗裕,大日野　奈々子
192,山根　亮,高橋　雅人
193,矢澤　孝明,山田　良一
194,三田　智朗,横田　将行
195,古館　裕史,吉澤　竹晴
196,田中　絵里子,大日野　奈々子
197,大平　陽一,金　参女
198,稲垣　麻子,渡部　陽介
199,高橋　一福,菅野　千明
200,野口　賢志,山岡　和樹
201,安澤　薫,小松　洋一郎
202,藤村　弘樹,清野　真弓
203,大橋　純也,阿部　祐磨
204,河嶋　邦充,加藤　成美
205,五十嵐　悠己,岸部　絵里香
206,佐々木　誠,新解　紗也香
207,永田　達也,安嶋　純
208,矢澤　孝明,三野輪　一哉
209,粟田　直樹,高橋　雅人
210,山根　亮,横山　尚也
211,清水　絵美,岡﨑　隆一
212,納谷　朗裕,山田　良一,原島　和樹
213,村木　貴利人,柏木　祥子
214,瀧澤　秀之,冨田　かおり
215,藤代　享,川野　敏紀
216,瀧澤　秀之,柏木　祥子
217,永田　達也,横山　尚也
218,小松　洋一郎,高橋　雅人
219,渡部　陽介,阿部　祐磨
220,藤代　享,村木　貴利人
221,粟田　直樹,菅野　千明
222,野口　賢志,三野輪　一哉
223,矢澤　孝明,大日野　奈々子
224,藤村　弘樹,安嶋　純
225,納谷　朗裕,吉澤　竹晴
226,古館　裕史,原島　和樹
227,三田　智朗,岡﨑　隆一
228,河嶋　邦充,山岡　和樹
229,新解　紗也香,清水　絵美
230,山根　亮,清野　真弓
231,高橋　一福,山田　良一
232,大平　陽一,横田　将行
233,稲垣　麻子,岸部　絵里香
234,安澤　薫,大橋　純也
235,佐々木　誠,渡辺　仁,五十嵐　悠己
236,阿部　祐磨,矢内　駿也
237,粟田　直樹,高岡　良樹
238,安嶋　純,看　超
239,安澤　薫,剱田　恵理奈
240,稲垣　麻子,石渡　愛乃
241,横山　尚也,藤代　享
242,岡﨑　隆一,村木　貴利人
243,河嶋　邦充,柏木　祥子
244,岸部　絵里香,瀧澤　秀之
245,原島　和樹,柴田　結衣
246,古館　裕史,野口　恵子
247,五十嵐　悠己,矢澤　孝明
248,高橋　一福,山田　恵理
249,高橋　雅人,納谷　朗裕
250,佐々木　誠,野口　賢志
251,三野輪　一哉,渡部　陽介
252,山岡　和樹,藤村　弘樹
253,山根　亮,渡辺　仁
254,山田　良一,大平　陽一
255,小松　洋一郎,大日野　奈々子
256,新解　紗也香,大橋　純也
257,菅野　千明,清野　真弓
258,永田　達也,加藤　桜子
259,加藤　桜子,真島　知紗
260,真島　知紗,永田　達也
261,安澤　薫,吉澤　竹晴
262,稲垣　麻子,小松　洋一郎
263,渡部　陽介,高橋　一福
264,大平　陽一,納谷　朗裕
265,新解　紗也香,大日野　奈々子
266,山岡　和樹,清水　絵美
267,河嶋　邦充,菅野　千明
268,三野輪　一哉,藤村　弘樹
269,永田　達也,五十嵐　悠己
270,佐々木　誠,清野　真弓
271,野口　賢志,看　超
272,安嶋　純,古館　裕史
273,粟田　直樹,山根　亮
274,山田　良一,渡辺　仁
275,横山　尚也,横田　将行
276,阿部　祐磨,高橋　雅人
277,三田　智朗,大橋　純也
278,岡﨑　隆一,岸部　絵里香
279,原島　和樹,矢澤　孝明
280,柏木　祥子,藤代　享
281,瀧澤　秀之,村木　貴利人
